<?xml version="1.0" encoding="UTF-8"?>
<wl:adapter name="adapterOne" xmlns:wl="http://www.ibm.com/mfp/integration">

    <displayName>Adapter One</displayName>
    <description>Test Adapter</description>

    <securityCheckDefinition name="usernamePassword" class="com.sample.adapterOne.UsernamePasswordSecurityCheck">
        <property name="inactivityTimeoutSec" defaultValue="600"/>
        <property name="successExpirationSec" defaultValue="3600"/>
        <property name="failureExpirationSec" defaultValue="60"/>
        <property name="attemptIntervalSec" defaultValue="120"/>
        <property name="maxAttempts" defaultValue="2"/>
    </securityCheckDefinition>

</wl:adapter>
